iso_code,continent,location,date,total_cases,new_cases,new_cases_smoothed,total_deaths,new_deaths,new_deaths_smoothed,total_cases_per_million,new_cases_per_million,new_cases_smoothed_per_million,total_deaths_per_million,new_deaths_per_million,new_deaths_smoothed_per_million,icu_patients,icu_patients_per_million,hosp_patients,hosp_patients_per_million,weekly_icu_admissions,weekly_icu_admissions_per_million,weekly_hosp_admissions,weekly_hosp_admissions_per_million,total_tests,new_tests,total_tests_per_thousand,new_tests_per_thousand,new_tests_smoothed,new_tests_smoothed_per_thousand,tests_per_case,positive_rate,tests_units,stringency_index,population,population_density,median_age,aged_65_older,aged_70_older,gdp_per_capita,extreme_poverty,cardiovasc_death_rate,diabetes_prevalence,female_smokers,male_smokers,handwashing_facilities,hospital_beds_per_thousand,life_expectancy,human_development_index
ABW,North America,Aruba,2020-11-03,4524.0,5.0,14.857,38.0,0.0,0.286,42373.04,46.831,139.156,355.919,0.0,2.676,,,,,,,,,,,,,,,,,,37.04,106766.0,584.8,41.2,13.085,7.452,35973.781,,,11.62,,,,,76.29,
AFG,Asia,Afghanistan,2020-11-03,41728.0,95.0,99.429,1544.0,3.0,3.143,1071.918,2.44,2.554,39.663,0.077,0.081,,,,,,,,,,,,,,,,,,,38928341.0,54.422,18.6,2.581,1.337,1803.987,,597.029,9.59,,,37.746,0.5,64.83,0.498
AGO,Africa,Angola,2020-11-03,11035.0,230.0,236.286,286.0,2.0,2.571,335.755,6.998,7.189,8.702,0.061,0.078,,,,,,,,,,,,,,,,,,,32866268.0,23.89,16.8,2.405,1.362,5819.495,,276.045,3.94,,,26.664,,61.15,0.581
AIA,North America,Anguilla,2020-11-03,3.0,0.0,0.0,,0.0,0.0,199.973,0.0,0.0,,0.0,0.0,,,,,,,,,,,,,,,,,,,15002.0,,,,,,,,,,,,,81.88,
ALB,Europe,Albania,2020-11-03,21523.0,321.0,296.857,527.0,9.0,6.714,7478.977,111.544,103.154,183.126,3.127,2.333,,,,,,,,,,,,,,,,,,,2877800.0,104.871,38.0,13.188,8.643,11803.431,1.1,304.195,10.08,7.1,51.2,,2.89,78.57,0.785
AND,Europe,Andorra,2020-11-03,4888.0,63.0,80.429,75.0,0.0,0.429,63262.797,815.376,1040.944,970.685,0.0,5.547,,,,,,,,,,,,,,,,,,,77265.0,163.755,,,,,,109.135,7.97,29.0,37.8,,,83.73,0.858
ARE,Asia,United Arab Emirates,2020-11-03,135141.0,1234.0,1272.429,497.0,1.0,2.429,13663.856,124.767,128.653,50.251,0.101,0.246,,,,,,,,,13465166.0,96994.0,1361.438,9.807,114797.0,11.607,90.219,0.011000000000000001,tests performed,,9890400.0,112.442,34.0,1.144,0.526,67293.483,,317.84,17.26,1.2,37.4,,1.2,77.97,0.863
ARG,South America,Argentina,2020-11-03,1183118.0,9598.0,11547.143,31623.0,483.0,331.714,26177.623,212.365,255.492,699.689,10.687,7.339,,,,,,,,,,,,,,,,,,,45195777.0,16.177,31.9,11.198,7.441,18933.907,0.6,191.032,5.5,16.2,27.7,,5.0,76.67,0.825
ARM,Asia,Armenia,2020-11-03,94776.0,1328.0,2052.286,1413.0,22.0,27.286,31983.974,448.159,692.583,476.844,7.424,9.208,,,,,,,,,,,,,,,,,,,2963234.0,102.931,35.7,11.232,7.571,8787.58,1.8,341.01,7.11,1.5,52.1,94.043,4.2,75.09,0.755
ATG,North America,Antigua and Barbuda,2020-11-03,128.0,0.0,0.571,3.0,0.0,0.0,1307.083,0.0,5.835,30.635,0.0,0.0,,,,,,,,,,,,,,,,,,,97928.0,231.845,32.1,6.933,4.631,21490.943,,191.511,13.17,,,,3.8,77.02,0.78
AUS,Oceania,Australia,2020-11-03,27602.0,7.0,10.714,907.0,0.0,0.286,1082.436,0.275,0.42,35.569,0.0,0.011,,,,,,,,,,,,,,,,,,,25499881.0,3.202,37.9,15.504,10.129,44648.71,0.5,107.791,5.07,13.0,16.5,,3.84,83.44,0.939
AUT,Europe,Austria,2020-11-03,114270.0,3160.0,4174.571,1135.0,21.0,21.0,12687.644,350.862,463.512,126.021,2.332,2.332,,,,,,,,,,,,,,,,,,,9006400.0,106.749,44.4,19.202,13.748,45436.686,0.7,145.183,6.35,28.4,30.9,,7.37,81.54,0.908
AZE,Asia,Azerbaijan,2020-11-03,57040.0,596.0,936.286,753.0,13.0,10.571,5625.704,58.782,92.343,74.266,1.282,1.043,,,,,,,,,,,,,,,,,,,10139175.0,119.309,32.4,6.018,3.871,15847.419,,559.812,7.11,0.3,42.5,83.241,4.7,73.0,0.757
BDI,Africa,Burundi,2020-11-03,589.0,0.0,4.571,1.0,0.0,0.0,49.534,0.0,0.384,0.084,0.0,0.0,,,,,,,,,,,,,,,,,,,11890781.0,423.062,17.5,2.562,1.504,702.225,71.7,293.068,6.05,,,6.144,0.8,61.58,0.417
BEL,Europe,Belgium,2020-11-01,445795.0,5097.0,14150.143,11734.0,120.0,127.0,38465.036,439.79,1220.933,1012.458,10.354,10.958,,,,,,,,,,,,,,,,,,56.48,11589616.0,375.564,41.8,18.571,12.849,42658.576,0.2,114.898,4.29,25.1,31.4,,5.64,81.63,0.916
BEN,Africa,Benin,2020-11-03,2683.0,40.0,18.0,41.0,0.0,0.0,221.311,3.299,1.485,3.382,0.0,0.0,,,,,,,,,,,,,,,,,,,12123198.0,99.11,18.8,3.244,1.942,2064.236,49.6,235.848,0.99,0.6,12.3,11.035,0.5,61.77,0.515
BES,North America,Bonaire Sint Eustatius and Saba,2020-11-03,153.0,0.0,0.429,3.0,0.0,0.0,5835.018,0.0,16.345,114.412,0.0,0.0,,,,,,,,,,,,,,,,,,,26221.0,,,,,,,,,,,,,77.79,
BFA,Africa,Burkina Faso,2020-11-03,2517.0,17.0,8.286,67.0,0.0,0.0,120.412,0.813,0.396,3.205,0.0,0.0,,,,,,,,,,,,,,,,,,,20903278.0,70.151,17.6,2.409,1.358,1703.102,43.7,269.048,2.42,1.6,23.9,11.877,0.4,61.58,0.423
BGD,Asia,Bangladesh,2020-11-03,410988.0,1736.0,1533.857,5966.0,25.0,21.143,2495.534,10.541,9.314,36.226,0.152,0.128,,,,,,,,,,,,,,,,,,,164689383.0,1265.036,27.5,5.098,3.262,3523.984,14.8,298.003,8.38,1.0,44.7,34.808,0.8,72.59,0.608
BGR,Europe,Bulgaria,2020-11-03,56496.0,2427.0,2337.714,1349.0,51.0,30.429,8130.74,349.287,336.437,194.144,7.34,4.379,,,,,,,,,735326.0,7910.0,105.826,1.138,9401.0,1.353,4.021,0.249,tests performed,,6948445.0,65.18,44.7,20.801,13.272,18563.307,1.5,424.688,5.81,30.1,44.4,,7.454,75.05,0.813
BHR,Asia,Bahrain,2020-11-03,82133.0,210.0,228.571,323.0,2.0,1.0,48268.583,123.414,134.329,189.823,1.175,0.588,,,,,,,,,1770015.0,10699.0,1040.217,6.288,9403.0,5.526,41.138000000000005,0.024,units unclear,,1701583.0,1935.907,32.4,2.372,1.387,43290.705,,151.689,16.52,5.8,37.6,,2.0,77.29,0.846
BHS,North America,Bahamas,2020-11-03,6735.0,21.0,38.429,146.0,2.0,2.0,17126.597,53.401,97.721,371.267,5.086,5.086,,,,,,,,,,,,,,,,,,,393248.0,39.497,34.3,8.996,5.2,27717.847,,235.954,13.17,3.1,20.4,,2.9,73.92,0.807
BIH,Europe,Bosnia and Herzegovina,2020-11-03,52269.0,764.0,1521.857,1280.0,32.0,25.143,15931.712,232.869,463.866,390.147,9.754,7.664,,,,,,,,,,,,,,,,,,,3280815.0,68.496,42.5,16.569,10.711,11713.895,0.2,329.635,10.08,30.2,47.7,97.164,3.5,77.4,0.768
BLR,Europe,Belarus,2020-11-03,100400.0,941.0,956.143,989.0,4.0,4.0,10625.102,99.584,101.186,104.664,0.423,0.423,,,,,,,,,,,,,,,,,,,9449321.0,46.858,40.3,14.799,9.788,17167.967,,443.129,5.18,10.5,46.1,,11.0,74.79,0.808
BLZ,North America,Belize,2020-11-03,3624.0,162.0,60.571,59.0,1.0,1.143,9114.207,407.423,152.335,148.383,2.515,2.874,,,,,,,,,,,,,,,,,,,397621.0,16.426,25.0,3.853,2.279,7824.362,,176.957,17.11,,,90.083,1.3,74.62,0.708
BMU,North America,Bermuda,2020-11-03,206.0,7.0,1.857,9.0,0.0,0.0,3308.015,112.408,29.823,144.525,0.0,0.0,,,,,,,,,,,,,,,,,,,62273.0,1308.82,,,,50669.315,,139.547,13.0,,,,,82.59,
BOL,South America,Bolivia,2020-11-03,141867.0,34.0,130.714,8741.0,10.0,11.857,12153.401,2.913,11.198,748.82,0.857,1.016,,,,,,,,,,,,,,,,,,,11673029.0,10.202,25.4,6.704,4.393,6885.829,7.1,204.299,6.89,,,25.383,1.1,71.51,0.693
BRA,South America,Brazil,2020-11-03,5554206.0,8501.0,20621.714,160253.0,179.0,408.0,26130.135,39.994,97.016,753.921,0.842,1.919,,,,,,,,,,,,,,,,,,,212559409.0,25.04,33.5,8.552,5.06,14103.452,3.4,177.961,8.11,10.1,17.9,,2.2,75.88,0.759
BRB,North America,Barbados,2020-11-03,238.0,1.0,0.714,7.0,0.0,0.0,828.198,3.48,2.486,24.359,0.0,0.0,,,,,,,,,,,,,,,,,,,287371.0,664.463,39.8,14.952,9.473,16978.068,,170.05,13.57,1.9,14.5,88.469,5.8,79.19,0.8
BRN,Asia,Brunei,2020-11-03,148.0,0.0,0.0,3.0,0.0,0.0,338.299,0.0,0.0,6.857,0.0,0.0,,,,,,,,,,,,,,,,,,,437483.0,81.347,32.4,4.591,2.382,71809.251,,201.285,12.79,2.0,30.9,,2.7,75.86,0.853
BTN,Asia,Bhutan,2020-11-03,356.0,2.0,2.0,,0.0,0.0,461.372,2.592,2.592,,0.0,0.0,,,,,,,,,,,,,,,,,,,771612.0,21.188,28.6,4.885,2.977,8708.597,1.5,217.066,9.75,,,79.807,1.7,71.78,0.612
BWA,Africa,Botswana,2020-11-03,6642.0,0.0,51.286,24.0,0.0,0.429,2824.43,0.0,21.809,10.206,0.0,0.182,,,,,,,,,,,,,,,,,,,2351625.0,4.044,25.8,3.941,2.242,15807.374,,237.372,4.81,5.7,34.4,,1.8,69.59,0.717
CAF,Africa,Central African Republic,2020-11-03,4866.0,0.0,0.429,62.0,0.0,0.0,1007.503,0.0,0.089,12.837,0.0,0.0,,,,,,,,,,,,,,,,,,,4829764.0,7.479,18.3,3.655,2.251,661.24,,435.727,6.1,,,16.603,1.0,53.28,0.367
CAN,North America,Canada,2020-11-03,240263.0,3422.0,2864.286,10208.0,29.0,33.571,6365.905,90.668,75.891,270.467,0.768,0.889,,,,,,,,,,,,,,,,,,,37742157.0,4.037,41.4,16.984,10.797,44017.591,0.5,105.599,7.37,12.0,16.6,,2.5,82.43,0.926
CHE,Europe,Switzerland,2020-11-03,175570.0,21842.0,7841.429,2128.0,93.0,30.714,20286.28,2523.739,906.04,245.88,10.746,3.549,,,,,,,,,,,,,,,,,,,8654618.0,214.243,43.1,18.436,12.644,57410.166,,99.739,5.59,22.6,28.9,,4.53,83.78,0.944
CHL,South America,Chile,2020-11-03,513188.0,1324.0,1370.0,14302.0,55.0,42.714,26845.699,69.261,71.667,748.161,2.877,2.234,,,,,,,,,,,,,,,,,,,19116209.0,24.282,35.4,11.087,6.938,22767.037,1.3,127.993,8.46,34.2,41.5,,2.11,80.18,0.843
CHN,Asia,China,2020-11-03,91396.0,49.0,31.571,4739.0,0.0,0.0,63.499,0.034,0.022,3.293,0.0,0.0,,,,,,,,,,,,,,,,,,,1439323774.0,147.674,38.7,10.641,5.929,15308.712,0.7,261.899,9.74,1.9,48.4,,4.34,76.91,0.752
CIV,Africa,Cote d'Ivoire,2020-11-03,20753.0,37.0,38.143,126.0,0.0,0.571,786.746,1.403,1.446,4.777,0.0,0.022,,,,,,,,,,,,,,,,,,,26378275.0,76.399,18.7,2.933,1.582,3601.006,28.2,303.74,2.42,,,19.351,,57.78,0.492
CMR,Africa,Cameroon,2020-11-03,21793.0,0.0,0.0,426.0,0.0,0.0,820.957,0.0,0.0,16.048,0.0,0.0,,,,,,,,,,,,,,,,,,,26545864.0,50.885,18.8,3.165,1.919,3364.926,23.8,244.661,7.2,,,2.735,1.3,59.29,0.556
COD,Africa,Democratic Republic of Congo,2020-11-03,11372.0,1.0,28.429,307.0,0.0,0.429,126.974,0.011,0.317,3.428,0.0,0.005,,,,,,,,,,,,,,,,,,,89561404.0,35.879,17.0,3.02,1.745,808.133,77.1,318.949,6.1,,,4.472,,60.68,0.457
COG,Africa,Congo,2020-11-03,5290.0,0.0,5.286,92.0,0.0,0.0,958.665,0.0,0.958,16.672,0.0,0.0,,,,,,,,,,,,,,,,,,,5518092.0,15.405,19.0,3.402,2.063,4881.406,37.0,344.094,7.2,1.7,52.3,47.964,,64.57,0.606
COL,South America,Colombia,2020-11-03,1093256.0,9935.0,9743.429,31670.0,155.0,188.857,21485.732,195.252,191.487,622.41,3.046,3.712,,,,,,,,,,,,,,,,,,,50882884.0,44.223,32.2,7.646,4.312,13254.949,4.5,124.24,7.44,4.7,13.5,65.386,1.71,77.29,0.747
COM,Africa,Comoros,2020-11-03,545.0,0.0,4.0,7.0,0.0,0.0,626.729,0.0,4.6,8.05,0.0,0.0,,,,,,,,,,,,,,,,,,,869595.0,437.352,20.4,2.963,1.726,1413.89,18.1,261.516,11.88,4.4,23.6,15.574,2.2,64.32,0.503
CPV,Africa,Cape Verde,2020-03-21,2.0,2.0,,,0.0,,3.597,3.597,,,0.0,,,,,,,,,,,,,,,,,,,43.52,555988.0,135.58,25.7,4.46,3.437,6222.554,,182.219,2.42,2.1,16.5,,2.1,72.98,0.654
CRI,North America,Costa Rica,2020-11-03,111257.0,1286.0,971.0,1404.0,19.0,13.143,21840.304,252.448,190.612,275.612,3.73,2.58,,,,,,,,,,,,,,,,,,,5094114.0,96.079,33.6,9.468,5.694,15524.995,1.3,137.973,8.78,6.4,17.4,83.841,1.13,80.28,0.794
CUB,North America,Cuba,2020-11-03,6970.0,35.0,53.571,129.0,1.0,0.143,615.365,3.09,4.73,11.389,0.088,0.013,,,,,,,,,,,,,,,,,,,11326616.0,110.408,43.1,14.738,9.719,,,190.968,8.27,17.1,53.3,85.198,5.2,78.8,0.777
CUW,North America,Curacao,2020-11-03,995.0,8.0,17.429,1.0,0.0,0.0,6063.376,48.751,106.207,6.094,0.0,0.0,,,,,,,,,,,,,,,,,,,164100.0,362.644,41.7,16.367,10.068,,,,11.62,,,,,78.88,
CYM,North America,Cayman Islands,2020-11-03,240.0,0.0,0.143,1.0,0.0,0.0,3651.856,0.0,2.174,15.216,0.0,0.0,,,,,,,,,,,,,,,,,,,65720.0,256.496,,,,49903.029,,,13.22,,,,,83.92,
CYP,Europe,Cyprus,2020-11-03,4760.0,197.0,160.571,27.0,1.0,0.286,5434.417,224.912,183.322,30.825,1.142,0.326,,,,,,,,,,,,,,,,,,,875899.0,127.657,37.3,13.416,8.563,32415.132,,141.171,9.24,19.6,52.7,,3.4,80.98,0.869
CZE,Europe,Czech Republic,2020-11-03,350896.0,9252.0,11789.429,3654.0,225.0,184.143,32766.513,863.948,1100.892,341.209,21.01,17.195,,,,,,,,,,,,,,,,,,,10708982.0,137.176,43.3,19.027,11.58,32605.906,,227.485,6.82,30.5,38.3,,6.63,79.38,0.888
DEU,Europe,Germany,2020-11-03,560379.0,15352.0,15872.0,10661.0,131.0,80.429,6688.382,183.233,189.44,127.244,1.564,0.96,,,,,,,,,,,,,,,,,,,83783945.0,237.016,46.6,21.453,15.957,45229.245,,156.139,8.31,28.2,33.1,,8.0,81.33,0.936
DJI,Africa,Djibouti,2020-11-03,5573.0,10.0,4.571,61.0,0.0,0.0,5640.677,10.121,4.627,61.741,0.0,0.0,,,,,,,,,,,,,,,,,,,988002.0,41.285,25.4,4.213,2.38,2705.406,22.5,258.037,6.05,1.7,24.5,,1.4,67.11,0.476
DMA,North America,Dominica,2020-11-03,42.0,0.0,0.571,,0.0,0.0,583.406,0.0,7.938,,0.0,0.0,,,,,,,,,,,,,,,,,,,71991.0,98.567,,,,9673.367,,227.376,11.62,,,,3.8,75.0,0.715
DNK,Europe,Denmark,2020-11-03,48241.0,942.0,975.571,724.0,1.0,2.286,8328.61,162.632,168.428,124.996,0.173,0.395,,,,,,,,,,,,,,,,,,,5792203.0,136.52,42.3,19.677,12.325,46682.515,0.2,114.767,6.41,19.3,18.8,,2.5,80.9,0.929
DOM,North America,Dominican Republic,2020-11-03,127591.0,259.0,392.571,2250.0,1.0,3.571,11761.811,23.876,36.189,207.413,0.092,0.329,,,,,,,,,,,,,,,,,,,10847904.0,222.873,27.6,6.981,4.419,14600.861,1.6,266.653,8.2,8.5,19.1,55.182,1.6,74.08,0.736
DZA,Africa,Algeria,2020-11-03,58574.0,302.0,307.857,1980.0,7.0,8.286,1335.749,6.887,7.021,45.153,0.16,0.189,,,,,,,,,,,,,,,,,,,43851043.0,17.348,29.1,6.211,3.857,13913.839,0.5,278.364,6.73,0.7,30.4,83.741,1.9,76.88,0.754
ECU,South America,Ecuador,2020-11-03,169562.0,368.0,1054.857,12692.0,8.0,17.0,9610.691,20.858,59.789,719.376,0.453,0.964,,,,,,,,,,,,,,,,,,,17643060.0,66.939,28.1,7.104,4.458,10581.936,3.6,140.448,5.55,2.0,12.3,80.635,1.5,77.01,0.752
EGY,Africa,Egypt,2020-11-03,107925.0,189.0,174.0,6291.0,13.0,11.429,1054.631,1.847,1.7,61.475,0.127,0.112,,,,,,,,,,,,,,,,,,,102334403.0,97.999,25.3,5.159,2.891,10550.206,1.3,525.432,17.31,0.2,50.1,89.827,1.6,71.99,0.696
ERI,Africa,Eritrea,2020-11-03,463.0,0.0,0.286,,0.0,0.0,130.554,0.0,0.081,,0.0,0.0,,,,,,,,,,,,,,,,,,,3546427.0,44.304,19.3,3.607,2.171,1510.459,,311.11,6.05,0.2,11.4,,0.7,66.32,0.44
ESH,Africa,Western Sahara,2020-11-03,766.0,0.0,0.0,1.0,0.0,0.0,1282.373,0.0,0.0,1.674,0.0,0.0,,,,,,,,,,,,,,,,,,,597330.0,,28.4,,1.38,,,,,,,,,70.26,
ESP,Europe,Spain,2020-11-02,1240697.0,55019.0,20339.571,36257.0,379.0,175.143,26536.258,1176.757,435.027,775.471,8.106,3.746,,,,,,,,,,,,,,,,,,,46754783.0,93.105,45.5,19.436,13.799,34272.36,1.0,99.403,7.17,27.4,31.4,,2.97,83.56,0.891
EST,Europe,Estonia,2020-11-03,5046.0,61.0,88.286,73.0,0.0,0.0,3803.884,45.984,66.553,55.03,0.0,0.0,,,,,,,,,,,,,,,,,,,1326539.0,31.033,42.7,19.452,13.491,29481.252,0.5,255.569,4.02,24.5,39.3,,4.69,78.74,0.871
ETH,Africa,Ethiopia,2020-11-03,96942.0,359.0,462.143,1489.0,11.0,7.429,843.241,3.123,4.02,12.952,0.096,0.065,,,,,,,,,,,,,,,,,,,114963583.0,104.957,19.8,3.526,2.063,1729.927,26.7,182.634,7.47,0.4,8.5,7.96,0.3,66.6,0.463
FIN,Europe,Finland,2020-11-03,16400.0,109.0,204.286,359.0,1.0,0.714,2959.905,19.673,36.87,64.793,0.18,0.129,,,,,,,,,,,,,,,,,,,5540718.0,18.136,42.8,21.228,13.264,40585.721,,153.507,5.76,18.3,22.6,,3.28,81.91,0.92
FJI,Oceania,Fiji,2020-11-03,34.0,0.0,0.143,2.0,0.0,0.0,37.928,0.0,0.159,2.231,0.0,0.0,,,,,,,,,,,,,,,,,,,896444.0,49.562,28.6,6.224,3.284,8702.975,1.4,412.82,14.49,10.2,34.8,,2.3,67.44,0.741
FLK,South America,Falkland Islands,2020-11-03,13.0,0.0,0.0,,0.0,0.0,3732.415,0.0,0.0,,0.0,0.0,,,,,,,,,,,,,,,,,,,3483.0,,,,,,,,,,,,,81.44,
FRA,Europe,France,2020-11-03,1466433.0,52518.0,43022.143,37435.0,416.0,345.286,22465.974,804.584,659.106,573.51,6.373,5.29,,,,,,,,,,,,,,,,,,,65273512.0,122.578,42.0,19.718,13.079,38605.671,,86.06,4.77,30.1,35.6,,5.98,82.66,0.901
FRO,Europe,Faeroe Islands,2020-11-03,495.0,0.0,0.714,,0.0,0.0,10129.95,0.0,14.618,,0.0,0.0,,,,,,,,,,,,,,,,,,,48865.0,35.308,,,,,,,,,,,,80.67,
GAB,Africa,Gabon,2020-11-03,8984.0,16.0,6.714,55.0,0.0,0.143,4036.432,7.189,3.017,24.711,0.0,0.064,,,,,,,,,,,,,,,,,,,2225728.0,7.859,23.1,4.45,2.976,16562.413,3.4,259.967,7.2,,,,6.3,66.47,0.702
GBR,Europe,United Kingdom,2020-11-03,1053864.0,18950.0,22739.143,46853.0,136.0,265.0,15524.025,279.144,334.961,690.172,2.003,3.904,,,,,,,,,,,,,,,,,,,67886004.0,272.898,40.8,18.517,12.527,39753.244,0.2,122.137,4.28,20.0,24.7,,2.54,81.32,0.922
GEO,Asia,Georgia,2020-11-03,42579.0,0.0,1493.143,342.0,0.0,14.857,10673.636,0.0,374.299,85.732,0.0,3.724,,,,,,,,,,,,,,,,,,,3989175.0,65.032,38.7,14.864,10.244,9745.079,4.2,496.218,7.11,5.3,55.5,,2.6,73.77,0.78
GGY,Europe,Guernsey,2020-11-03,271.0,1.0,0.714,13.0,0.0,0.0,4041.639,14.914,10.653,193.879,0.0,0.0,,,,,,,,,,,,,,,,,,,67052.0,,,,,,,,,,,,,,
GHA,Africa,Ghana,2020-11-03,48200.0,76.0,60.714,320.0,0.0,0.571,1551.189,2.446,1.954,10.298,0.0,0.018,,,,,,,,,,,,,,,,,,,31072945.0,126.719,21.1,3.385,1.948,4227.63,12.0,298.245,4.97,0.3,7.7,41.047,0.9,64.07,0.592
GIB,Europe,Gibraltar,2020-11-03,707.0,4.0,5.286,,0.0,0.0,20984.833,118.726,156.888,,0.0,0.0,,,,,,,,,,,,,,,,,,,33691.0,3457.1,,,,,,,,,,,,79.93,
GIN,Africa,Guinea,2020-11-03,12213.0,18.0,77.714,73.0,0.0,0.286,929.962,1.371,5.918,5.559,0.0,0.022,,,,,,,,,,,,,,,,,,,13132792.0,51.755,19.0,3.135,1.733,1998.926,35.3,336.717,2.42,,,17.45,0.3,61.6,0.459
GMB,Africa,Gambia,2020-11-03,3672.0,0.0,1.0,119.0,0.0,0.0,1519.45,0.0,0.414,49.241,0.0,0.0,,,,,,,,,,,,,,,,,,,2416664.0,207.566,17.5,2.339,1.417,1561.767,10.1,331.43,1.91,0.7,31.2,7.876,1.1,62.05,0.46
GNB,Africa,Guinea-Bissau,2020-11-03,2413.0,0.0,1.429,41.0,0.0,0.0,1226.119,0.0,0.726,20.833,0.0,0.0,,,,,,,,,,,,,,,,,,,1967998.0,66.191,19.4,3.002,1.565,1548.675,67.1,382.474,2.42,,,6.403,,58.32,0.455
GNQ,Africa,Equatorial Guinea,2020-11-03,5089.0,0.0,0.857,83.0,0.0,0.0,3627.266,0.0,0.611,59.16,0.0,0.0,,,,,,,,,,,,,,,,,,,1402985.0,45.194,22.4,2.846,1.752,22604.873,,202.812,7.78,,,24.64,2.1,58.74,0.591
GRC,Europe,Greece,2020-11-03,42080.0,1151.0,1512.0,642.0,7.0,8.714,4037.204,110.428,145.063,61.594,0.672,0.836,,,,,,,,,,,,,,,,,,,10423056.0,83.479,45.3,20.396,14.524,24574.382,1.5,175.695,4.55,35.3,52.0,,4.21,82.24,0.87
GRD,North America,Grenada,2020-11-03,29.0,1.0,0.143,,0.0,0.0,257.734,8.887,1.27,,0.0,0.0,,,,,,,,,,,,,,,,,,,112519.0,317.132,29.4,7.304,5.021,13593.877,,243.964,10.71,,,,3.7,72.4,0.772
GRL,North America,Greenland,2020-11-03,17.0,0.0,0.0,,0.0,0.0,299.443,0.0,0.0,,0.0,0.0,,,,,,,,,,,,,,,,,,,56772.0,0.137,,,,,,199.941,2.16,,,,,71.7,
GTM,North America,Guatemala,2020-11-03,108104.0,0.0,458.571,3738.0,0.0,12.429,6034.082,0.0,25.596,208.645,0.0,0.694,,,,,,,,,,,,,,,,,,,17915567.0,157.834,22.9,4.694,3.016,7423.808,8.7,155.898,10.18,,,76.665,0.6,74.3,0.65
GUM,Oceania,Guam,2020-11-03,4693.0,0.0,51.0,79.0,0.0,0.571,27804.933,0.0,302.163,468.057,0.0,3.386,,,,,,,,,,,,,,,,,,,168783.0,304.128,31.4,9.551,5.493,,,310.496,21.52,,,,,80.07,
GUY,South America,Guyana,2020-11-03,4238.0,30.0,30.286,128.0,2.0,1.286,5388.026,38.141,38.504,162.734,2.543,1.635,,,,,,,,,,,,,,,,,,,786559.0,3.952,26.3,5.305,2.837,7435.047,,373.159,11.62,,,77.159,1.6,69.91,0.654
HKG,Asia,Hong Kong,2020-10-27,,,,,,,,,,,,,,,,,,,,,3668835.0,,489.375,,27305.0,3.642,,,tests performed,50.0,7496988.0,7039.714,44.8,16.303,10.158,56054.92,,,8.33,,,,,84.86,0.933
HND,North America,Honduras,2020-11-03,98405.0,193.0,634.143,2688.0,13.0,7.857,9935.275,19.486,64.025,271.389,1.313,0.793,,,,,,,,,,,,,,,,,,,9904608.0,82.805,24.9,4.652,2.883,4541.795,16.0,240.208,7.21,2.0,,84.169,0.7,75.27,0.617
HRV,Europe,Croatia,2020-11-03,52660.0,1165.0,2207.429,594.0,32.0,20.286,12827.421,283.782,537.706,144.692,7.795,4.941,,,,,,,,,514176.0,7013.0,125.248,1.708,8064.0,1.964,3.653,0.27399999999999997,people tested,,4105268.0,73.726,44.0,19.724,13.053,22669.797,0.7,253.782,5.59,34.3,39.9,,5.54,78.49,0.831
HTI,North America,Haiti,2020-11-03,9054.0,0.0,4.0,232.0,0.0,0.0,794.034,0.0,0.351,20.346,0.0,0.0,,,,,,,,,,,,,,,,,,,11402533.0,398.448,24.3,4.8,2.954,1653.173,23.5,430.548,6.65,2.9,23.1,22.863,0.7,64.0,0.498
HUN,Europe,Hungary,2020-11-03,86769.0,3989.0,3303.857,1973.0,84.0,62.571,8981.973,412.925,342.002,204.237,8.695,6.477,,,,,,,,,1111991.0,14620.0,115.109,1.513,15700.0,1.625,4.752,0.21,tests performed,,9660350.0,108.043,43.4,18.577,11.976,26777.561,0.5,278.296,7.55,26.8,34.8,,7.02,76.88,0.838
IDN,Asia,Indonesia,2020-11-03,415402.0,2618.0,3209.714,14044.0,101.0,90.429,1518.706,9.571,11.735,51.345,0.369,0.331,,,,,,,,,2941778.0,22218.0,10.755,0.081,23401.0,0.086,7.291,0.13699999999999998,people tested,,273523621.0,145.725,29.3,5.319,3.053,11188.744,5.7,342.864,6.32,2.8,76.1,64.204,1.04,71.72,0.694
IMN,Europe,Isle of Man,2020-11-03,355.0,2.0,0.571,24.0,0.0,0.0,4174.899,23.521,6.72,282.247,0.0,0.0,,,,,,,,,,,,,,,,,,,85032.0,147.872,,,,,,,,,,,,81.4,
IND,Asia,India,2020-11-03,8267623.0,38310.0,45884.857,123097.0,490.0,513.571,5991.012,27.761,33.25,89.2,0.355,0.372,,,,,,,,,111789350.0,1046247.0,81.007,0.758,1052637.0,0.763,22.941,0.044000000000000004,samples tested,,1380004385.0,450.419,28.2,5.989,3.414,6426.674,21.2,282.28,10.39,1.9,20.6,59.55,0.53,69.66,0.64
IRL,Europe,Ireland,2020-11-03,62750.0,748.0,669.0,1917.0,2.0,4.571,12708.099,151.485,135.486,388.23,0.405,0.926,,,,,,,,,,,,,,,,,,,4937796.0,69.874,38.7,13.928,8.678,67335.293,0.2,126.459,3.28,23.0,25.7,,2.96,82.3,0.938
IRN,Asia,Iran,2020-11-03,628780.0,8289.0,7703.429,35738.0,440.0,397.857,7486.104,98.687,91.715,425.488,5.239,4.737,,,,,,,,,5001422.0,,59.546,,30665.0,0.365,3.9810000000000003,0.251,tests performed,,83992953.0,49.831,32.4,5.44,3.182,19082.62,0.2,270.308,9.59,0.8,21.1,,1.5,76.68,0.798
IRQ,Asia,Iraq,2020-11-03,478701.0,3413.0,3329.0,11017.0,51.0,49.429,11901.323,84.853,82.765,273.901,1.268,1.229,,,,,,,,,,,,,,,,,,,40222503.0,88.125,20.0,3.186,1.957,15663.986,2.5,218.612,8.83,,,94.576,1.4,70.6,0.685
ISL,Europe,Iceland,2020-11-03,4931.0,41.0,61.0,12.0,0.0,0.143,14449.817,120.147,178.755,35.165,0.0,0.419,,,,,,,,,,,,,,,,,,,341250.0,3.404,37.3,14.431,9.207,46482.958,0.2,117.992,5.31,14.3,15.2,,2.91,82.99,0.935
ISR,Asia,Israel,2020-11-03,315983.0,852.0,733.143,2580.0,26.0,18.143,36506.441,98.434,84.702,298.075,3.004,2.096,,,,,,,,,,,,,,,,,,,8655541.0,402.606,30.6,11.733,7.359,33132.32,0.5,93.32,6.74,15.4,35.4,,2.99,82.97,0.903
ITA,Europe,Italy,2020-11-03,731588.0,22253.0,26971.286,39059.0,233.0,225.714,12099.998,368.05,446.088,646.011,3.854,3.733,,,,,,,,,,,,,,,,,,,60461828.0,205.859,47.9,23.021,16.24,35220.084,2.0,113.151,4.78,19.8,27.8,,3.18,83.51,0.88
JAM,North America,Jamaica,2020-11-03,9257.0,126.0,72.571,210.0,1.0,2.571,3126.139,42.551,24.508,70.918,0.338,0.868,,,,,,,,,,,,,,,,,,,2961161.0,266.879,31.4,9.684,6.39,8193.571,,206.537,11.28,5.3,28.6,66.425,1.7,74.47,0.732
JEY,Europe,Jersey,2020-11-03,591.0,17.0,5.0,32.0,0.0,0.0,5847.259,168.195,49.469,316.603,0.0,0.0,,,,,,,,,,,,,,,,,,,101073.0,,,,,,,,,,,,,,
JOR,Asia,Jordan,2020-11-03,81743.0,5877.0,3812.571,913.0,47.0,41.286,8011.553,575.999,373.666,89.482,4.606,4.046,,,,,,,,,,,,,,,,,,75.93,10203140.0,109.285,23.2,3.81,2.361,8337.49,0.1,208.257,11.75,,,,1.4,74.53,0.735
JPN,Asia,Japan,2020-11-03,102281.0,468.0,683.286,1780.0,6.0,7.857,808.696,3.7,5.402,14.074,0.047,0.062,,,,,,,,,,,,,,,,,,,126476458.0,347.778,48.2,27.049,18.493,39002.223,,79.37,5.72,11.2,33.7,,13.05,84.63,0.909
KAZ,Asia,Kazakhstan,2020-11-03,151321.0,458.0,529.429,2261.0,34.0,10.0,8058.974,24.392,28.196,120.415,1.811,0.533,,,,,,,,,,,,,,,,,,,18776707.0,6.681,30.6,6.991,4.625,24055.588,0.1,466.792,7.11,7.0,43.1,98.999,6.7,73.6,0.8
KEN,Africa,Kenya,2020-11-03,56601.0,724.0,943.429,1027.0,14.0,15.286,1052.625,13.464,17.545,19.099,0.26,0.284,,,,,,,,,,,,,,,,,,,53771300.0,87.324,20.0,2.686,1.528,2993.028,36.8,218.637,2.92,1.2,20.4,24.651,1.4,66.7,0.59
KGZ,Asia,Kyrgyzstan,2020-11-03,60279.0,400.0,505.857,1159.0,4.0,3.286,9239.306,61.31,77.536,177.647,0.613,0.504,,,,,,,,,,,,,,,,,,,6524191.0,32.333,26.3,4.489,2.882,3393.474,1.4,436.362,7.11,3.6,50.5,89.22,4.5,71.45,0.672
KHM,Asia,Cambodia,2020-11-03,292.0,1.0,0.571,,0.0,0.0,17.465,0.06,0.034,,0.0,0.0,,,,,,,,,,,,,,,,,,,16718971.0,90.672,25.6,4.412,2.385,3645.07,,270.892,4.0,2.0,33.7,66.229,0.8,69.82,0.582
KNA,North America,Saint Kitts and Nevis,2020-11-03,19.0,0.0,0.0,,0.0,0.0,357.197,0.0,0.0,,0.0,0.0,,,,,,,,,,,,,,,,,,,53192.0,212.865,,,,24654.385,,,12.84,,,,2.3,76.23,0.778
KOR,Asia,South Korea,2020-11-03,26807.0,75.0,109.143,472.0,4.0,1.714,522.868,1.463,2.129,9.206,0.078,0.033,,,,,,,,,2624044.0,12918.0,51.182,0.252,11351.0,0.221,104.001,0.01,people tested,,51269183.0,527.967,43.4,13.914,8.622,35938.374,0.2,85.998,6.8,6.2,40.9,,12.27,83.03,0.903
KWT,Asia,Kuwait,2020-11-03,127293.0,759.0,710.857,786.0,4.0,5.286,29807.077,177.728,166.455,184.051,0.937,1.238,,,,,,,,,,,,,,,,,,,4270563.0,232.128,33.7,2.345,1.114,65530.537,,132.235,15.84,2.7,37.0,,2.0,75.49,0.803
LAO,Asia,Laos,2020-11-03,24.0,0.0,0.0,,0.0,0.0,3.299,0.0,0.0,,0.0,0.0,,,,,,,,,,,,,,,,,,,7275556.0,29.715,24.4,4.029,2.322,6397.36,22.7,368.111,4.0,7.3,51.2,49.839,1.5,67.92,0.601
LBN,Asia,Lebanon,2020-11-03,83697.0,1080.0,1644.429,652.0,9.0,10.429,12262.503,158.232,240.926,95.525,1.319,1.528,,,,,,,,,,,,,,,,,,,6825442.0,594.561,31.1,8.514,5.43,13367.565,,266.591,12.71,26.9,40.7,,2.9,78.93,0.757
LBR,Africa,Liberia,2020-11-03,1436.0,10.0,2.857,82.0,0.0,0.0,283.925,1.977,0.565,16.213,0.0,0.0,,,,,,,,,,,,,,,,,,,5057677.0,49.127,19.2,3.057,1.756,752.788,38.6,272.509,2.42,1.5,18.1,1.188,0.8,64.1,0.435
LBY,Africa,Libya,2020-11-03,62907.0,862.0,812.0,880.0,9.0,11.286,9155.053,125.45,118.173,128.069,1.31,1.642,,,,,,,,,,,,,,,,,,,6871287.0,3.623,29.0,4.424,2.816,17881.509,,341.862,10.43,,,,3.7,72.91,0.706
LCA,North America,Saint Lucia,2020-11-03,84.0,0.0,3.0,,0.0,0.0,457.444,0.0,16.337,,0.0,0.0,,,,,,,,,,,,,,,,,,,183629.0,293.187,34.9,9.721,6.405,12951.839,,204.62,11.62,,,87.202,1.3,76.2,0.747
LIE,Europe,Liechtenstein,2020-11-03,607.0,56.0,27.714,3.0,0.0,0.286,15916.302,1468.39,726.703,78.664,0.0,7.492,,,,,,,,,,,,,,,,,,,38137.0,237.012,,,,,,,7.77,,,,2.397,82.49,0.916
LKA,Asia,Sri Lanka,2020-11-03,11335.0,275.0,417.429,21.0,0.0,0.714,529.345,12.843,19.494,0.981,0.0,0.033,,,,,,,,,,,,,,,,,,,21413250.0,341.955,34.1,10.069,5.331,11669.077,0.7,197.093,10.68,0.3,27.0,,3.6,76.98,0.77
LSO,Africa,Lesotho,2020-11-03,1953.0,6.0,1.429,44.0,1.0,0.143,911.657,2.801,0.667,20.539,0.467,0.067,,,,,,,,,,,,,,,,,,,2142252.0,73.562,22.2,4.506,2.647,2851.153,59.6,405.126,3.94,0.4,53.9,2.117,,54.33,0.52
LTU,Europe,Lithuania,2020-11-03,16556.0,837.0,801.0,170.0,4.0,4.857,6081.642,307.462,294.237,62.447,1.469,1.784,,,,,,,,,1038164.0,,381.357,,10545.0,3.874,13.165,0.076,samples tested,,2722291.0,45.135,43.5,19.002,13.778,29524.265,0.7,342.989,3.67,21.3,38.0,,6.56,75.93,0.858
LUX,Europe,Luxembourg,2020-11-03,19101.0,319.0,671.714,160.0,0.0,1.857,30513.949,509.604,1073.067,255.601,0.0,2.967,,,,,,,,,,,,,,,,,,,625976.0,231.447,39.7,14.312,9.842,94277.965,0.2,128.275,4.42,20.9,26.0,,4.51,82.25,0.904
LVA,Europe,Latvia,2020-11-03,6268.0,132.0,215.857,77.0,3.0,2.429,3323.08,69.982,114.44,40.823,1.59,1.288,,,,,,,,,465644.0,5235.0,246.869,2.775,4903.0,2.599,22.714000000000002,0.044000000000000004,tests performed,,1886202.0,31.212,43.9,19.754,14.136,25063.846,0.7,350.06,4.91,25.6,51.0,,5.57,75.29,0.847
MAR,Africa,Morocco,2020-11-03,225070.0,2526.0,3617.857,3826.0,64.0,64.714,6097.713,68.436,98.017,103.656,1.734,1.753,,,,,,,,,,,,,,,,,,,36910558.0,80.08,29.6,6.769,4.209,7485.013,1.0,419.146,7.14,0.8,47.1,,1.1,76.68,0.667
MCO,Europe,Monaco,2020-11-03,375.0,9.0,9.286,1.0,0.0,0.0,9555.601,229.334,236.615,25.482,0.0,0.0,,,,,,,,,,,,,,,,,,,39244.0,19347.5,,,,,,,5.46,,,,13.8,86.75,
MDA,Europe,Moldova,2020-11-03,76777.0,195.0,709.429,1818.0,18.0,16.857,19032.649,48.34,175.864,450.673,4.462,4.179,,,,,,,,,,,,,,,,,,,4033963.0,123.655,37.6,10.864,6.955,5189.972,0.2,408.502,5.72,5.9,44.6,86.979,5.8,71.9,0.7
MDG,Africa,Madagascar,2020-11-03,17111.0,0.0,20.429,244.0,0.0,0.0,617.926,0.0,0.738,8.812,0.0,0.0,,,,,,,,,,,,,,,,,,,27691019.0,43.951,19.6,2.929,1.686,1416.44,77.6,405.994,3.94,,,50.54,0.2,67.04,0.519
MDV,Asia,Maldives,2020-11-03,11737.0,36.0,29.286,38.0,0.0,0.143,21713.391,66.6,54.178,70.3,0.0,0.264,,,,,,,,,,,,,,,,,,,540542.0,1454.433,30.6,4.12,2.875,15183.616,,164.905,9.19,2.1,55.0,95.803,,78.92,0.717
MEX,North America,Mexico,2020-11-03,933155.0,3763.0,5404.143,92100.0,205.0,418.429,7237.533,29.186,41.914,714.326,1.59,3.245,,,,,,,,,,,,,,,,,,,128932753.0,66.444,29.3,6.857,4.321,17336.469,2.5,152.783,13.06,6.9,21.4,87.847,1.38,75.05,0.774
MHL,Oceania,Marshall Islands,2020-11-03,2.0,0.0,,,0.0,,33.787,0.0,,,0.0,,,,,,,,,,,,,,,,,,,,59194.0,295.15,,,,3819.202,,557.793,30.53,,,82.502,2.7,73.7,0.708
MKD,Europe,Macedonia,2020-11-03,32997.0,561.0,828.286,1025.0,21.0,13.143,15838.205,269.274,397.568,491.989,10.08,6.308,,,,,,,,,,,,,,,,,,,2083380.0,82.6,39.1,13.26,8.16,13111.214,5.0,322.688,10.08,,,,4.28,75.8,0.757
MLI,Africa,Mali,2020-11-03,3573.0,28.0,10.571,136.0,0.0,0.429,176.437,1.383,0.522,6.716,0.0,0.021,,,,,,,,,,,,,,,,,,,20250834.0,15.196,16.4,2.519,1.486,2014.306,,268.024,2.42,1.6,23.0,52.232,0.1,59.31,0.427
MLT,Europe,Malta,2020-11-03,6400.0,218.0,117.571,64.0,0.0,2.0,14494.756,493.728,266.276,144.948,0.0,4.53,,,,,,,,,,,,,,,,,,,441539.0,1454.037,42.4,19.426,11.324,36513.323,0.2,168.711,8.83,20.9,30.2,,4.485,82.53,0.878
MMR,Asia,Myanmar,2020-11-03,54607.0,1202.0,1201.0,1282.0,24.0,22.857,1003.624,22.092,22.073,23.562,0.441,0.42,,,,,,,,,,,,,,,,,,,54409794.0,81.721,29.1,5.732,3.12,5591.597,6.4,202.104,4.61,6.3,35.2,79.287,0.9,67.13,0.578
MNE,Europe,Montenegro,2020-11-03,19210.0,496.0,328.714,320.0,7.0,7.143,30586.152,789.731,523.379,509.504,11.145,11.373,,,,,,,,,,,,,,,,,,,628062.0,46.28,39.1,14.762,9.395,16409.288,1.0,387.305,10.08,44.0,47.9,,3.861,76.88,0.814
MNG,Asia,Mongolia,2020-11-03,350.0,1.0,1.429,,0.0,0.0,106.763,0.305,0.436,,0.0,0.0,,,,,,,,,,,,,,,,,,,3278292.0,1.98,28.6,4.031,2.421,11840.846,0.5,460.043,4.82,5.5,46.5,71.18,7.0,69.87,0.741
MNP,Oceania,Northern Mariana Islands,2020-11-03,96.0,0.0,0.571,2.0,0.0,0.0,1667.912,0.0,9.928,34.748,0.0,0.0,,,,,,,,,,,,,,,,,,,57557.0,119.878,,,,,,194.994,,,,,,76.74,
MOZ,Africa,Mozambique,2020-11-03,13130.0,142.0,138.429,94.0,1.0,0.857,420.087,4.543,4.429,3.007,0.032,0.027,,,,,,,,,,,,,,,,,,,31255435.0,37.728,17.7,3.158,1.87,1136.103,62.9,329.942,3.3,5.1,29.1,12.227,0.7,60.85,0.437
MRT,Africa,Mauritania,2020-11-03,7725.0,8.0,8.857,163.0,0.0,0.0,1661.412,1.721,1.905,35.056,0.0,0.0,,,,,,,,,,,,,,,,,,,4649660.0,4.289,20.3,3.138,1.792,3597.633,6.0,232.347,2.42,,,15.95,,64.92,0.52
MSR,North America,Montserrat,2020-11-03,13.0,0.0,0.0,1.0,0.0,0.0,2600.52,0.0,0.0,200.04,0.0,0.0,,,,,,,,,,,,,,,,,,,4999.0,,,,,,,,,,,,,74.16,
MUS,Africa,Mauritius,2020-11-03,451.0,5.0,1.714,10.0,0.0,0.0,354.625,3.932,1.348,7.863,0.0,0.0,,,,,,,,,,,,,,,,,,,1271767.0,622.962,37.4,10.945,5.884,20292.745,0.5,224.644,22.02,3.2,40.7,,3.4,74.99,0.79
MWI,Africa,Malawi,2020-11-03,5933.0,1.0,5.571,184.0,0.0,0.143,310.142,0.052,0.291,9.618,0.0,0.007,,,,,,,,,,,,,,,,,,,19129955.0,197.519,18.1,2.979,1.783,1095.042,71.4,227.349,3.94,4.4,24.7,8.704,1.3,64.26,0.477
MYS,Asia,Malaysia,2020-11-03,33339.0,834.0,790.571,251.0,2.0,2.143,1030.062,25.768,24.426,7.755,0.062,0.066,,,,,,,,,,,,,,,,,,,32365998.0,96.254,29.9,6.293,3.407,26808.164,0.1,260.942,16.74,1.0,42.4,,1.9,76.16,0.802
NAM,Africa,Namibia,2020-11-03,13012.0,24.0,48.143,133.0,0.0,0.0,5120.988,9.445,18.947,52.343,0.0,0.0,,,,,,,,,,,,,,,,,,,2540916.0,3.078,22.0,3.552,2.085,9541.808,13.4,243.811,3.94,9.7,34.2,44.6,,63.71,0.647
NCL,Oceania,New Caledonia,2020-11-03,28.0,0.0,0.143,,0.0,0.0,98.077,0.0,0.5,,0.0,0.0,,,,,,,,,,,,,,,,,,,285491.0,15.342,33.4,9.954,6.489,,,,23.36,,,,,77.55,
NER,Africa,Niger,2020-11-03,1222.0,1.0,1.0,69.0,0.0,0.0,50.482,0.041,0.041,2.85,0.0,0.0,,,,,,,,,,,,,,,,,,,24206636.0,16.955,15.1,2.553,1.378,926.0,44.5,238.339,2.42,0.1,15.4,8.978,0.3,62.42,0.354
NGA,Africa,Nigeria,2020-11-03,63036.0,72.0,132.143,1147.0,1.0,2.143,305.793,0.349,0.641,5.564,0.005,0.01,,,,,,,,,,,,,,,,,,,206139587.0,209.588,18.1,2.751,1.447,5338.454,,181.013,2.42,0.6,10.8,41.949,,54.69,0.532
NIC,North America,Nicaragua,2020-11-03,5514.0,0.0,11.429,156.0,0.0,0.143,832.358,0.0,1.725,23.549,0.0,0.022,,,,,,,,,,,,,,,,,,,6624554.0,51.667,27.3,5.445,3.519,5321.444,3.2,137.016,11.47,,,,0.9,74.48,0.658
NLD,Europe,Netherlands,2020-11-03,367715.0,8278.0,9495.143,7453.0,29.0,55.857,21460.036,483.108,554.141,434.961,1.692,3.26,,,,,,,,,,,,,,,,,,,17134873.0,508.544,43.2,18.779,11.881,48472.545,,109.361,5.29,24.4,27.3,,3.32,82.28,0.931
NOR,Europe,Norway,2020-11-03,20634.0,1071.0,389.429,282.0,0.0,0.429,3806.139,197.556,71.834,52.018,0.0,0.079,,,,,,,,,,,,,,,,,,,5421242.0,14.462,39.7,16.821,10.813,64800.057,0.2,114.316,5.31,19.6,20.7,,3.6,82.4,0.953
NPL,Asia,Nepal,2020-11-03,176500.0,2933.0,2381.429,984.0,24.0,17.429,6057.63,100.663,81.733,33.772,0.824,0.598,,,,,,,,,,,,,,,,,,,29136808.0,204.43,25.0,5.809,3.212,2442.804,15.0,260.797,7.26,9.5,37.8,47.782,0.3,70.78,0.574
NZL,Oceania,New Zealand,2020-11-03,1612.0,5.0,3.857,25.0,0.0,0.0,334.285,1.037,0.8,5.184,0.0,0.0,,,,,,,,,,,,,,,,,,,4822233.0,18.206,37.9,15.322,9.72,36085.843,,128.797,8.08,14.8,17.2,,2.61,82.29,0.917
OMN,Asia,Oman,2020-11-03,116152.0,418.0,399.714,1256.0,10.0,9.429,22745.369,81.855,78.274,245.955,1.958,1.846,,,,,,,,,,,,,,,,,,,5106622.0,14.98,30.7,2.355,1.53,37960.709,,266.342,12.61,0.5,15.6,97.4,1.6,77.86,0.821
PAK,Asia,Pakistan,2020-11-03,336260.0,1167.0,983.571,6849.0,14.0,14.857,1522.28,5.283,4.453,31.006,0.063,0.067,,,,,,,,,4514827.0,27984.0,20.439,0.127,28164.0,0.128,28.634,0.035,tests performed,,220892331.0,255.573,23.5,4.495,2.78,5034.708,4.0,423.031,8.35,2.8,36.7,59.607,0.6,67.27,0.562
PAN,North America,Panama,2020-11-03,134915.0,579.0,737.714,2720.0,14.0,11.714,31268.193,134.19,170.974,630.393,3.245,2.715,,,,,,,,,,,,,,,,,,,4314768.0,55.133,29.7,7.918,5.03,22267.037,2.2,128.346,8.33,2.4,9.9,,2.3,78.51,0.789
PER,South America,Peru,2020-11-03,906545.0,1634.0,2281.571,34585.0,56.0,55.429,27494.518,49.557,69.198,1048.925,1.698,1.681,,,,,,,,,,,,,,,,,,,32971846.0,25.129,29.1,7.151,4.455,12236.706,3.5,85.755,5.95,4.8,,,1.6,76.74,0.75
PHL,Asia,Philippines,2020-11-03,385400.0,2287.0,1967.143,7269.0,31.0,32.857,3517.03,20.87,17.951,66.334,0.283,0.3,,,,,,,,,,,,,,,,,,,109581085.0,351.873,25.2,4.803,2.661,7599.188,,370.437,7.07,7.8,40.8,78.463,1.0,71.23,0.699
PNG,Oceania,Papua New Guinea,2020-11-03,590.0,0.0,0.286,7.0,0.0,0.0,65.944,0.0,0.032,0.782,0.0,0.0,,,,,,,,,,,,,,,,,,,8947027.0,18.22,22.6,3.808,2.142,3823.194,,561.494,17.65,23.5,48.8,,,64.5,0.544
POL,Europe,Poland,2020-11-03,395480.0,15578.0,18793.0,5875.0,92.0,198.857,10449.55,411.609,496.557,155.232,2.431,5.254,,,,,,,,,,,,,,,,,,,37846605.0,124.027,41.8,16.763,10.202,27216.445,,227.331,5.91,23.3,33.1,,6.62,78.73,0.865
PRI,North America,Puerto Rico,2020-11-03,68172.0,1511.0,721.429,839.0,7.0,5.0,23829.365,528.167,252.174,293.271,2.447,1.748,,,,,,,,,,,,,,,,,,,2860840.0,376.232,38.2,15.168,9.829,35044.67,,108.094,12.9,,,,,80.1,
PRT,Europe,Portugal,2020-11-03,146847.0,2506.0,3673.429,2590.0,46.0,35.286,14401.414,245.766,360.256,254.004,4.511,3.461,,,,,,,,,,,,,,,,,,,10196707.0,112.371,46.2,21.502,14.924,27936.896,0.5,127.842,9.85,16.3,30.0,,3.39,82.05,0.847
PRY,South America,Paraguay,2020-11-03,64156.0,425.0,651.714,1429.0,11.0,17.143,8994.845,59.586,91.372,200.35,1.542,2.403,,,,,,,,,,,,,,,,,,,7132530.0,17.144,26.5,6.378,3.833,8827.01,1.7,199.128,8.27,5.0,21.6,79.602,1.3,74.25,0.702
PSE,Asia,Palestine,2020-11-03,66551.0,749.0,643.571,565.0,4.0,6.714,13045.594,146.822,126.155,110.754,0.784,1.316,,,,,,,,,,,,,,,,,,,5101416.0,778.202,20.4,3.043,1.726,4449.898,1.0,265.91,10.59,,,,,74.05,0.686
PYF,Oceania,French Polynesia,2020-11-03,7262.0,0.0,200.429,29.0,0.0,1.286,25852.248,0.0,713.513,103.238,0.0,4.577,,,,,,,,,,,,,,,,,,,280904.0,77.324,32.7,7.775,4.593,,,,22.63,,,,,77.66,
QAT,Asia,Qatar,2020-11-03,132917.0,197.0,212.143,232.0,0.0,0.286,46134.756,68.378,73.634,80.526,0.0,0.099,,,,,,,,,,,,,,,,,,,2881060.0,227.322,31.9,1.307,0.617,116935.6,,176.69,16.52,0.8,26.9,,1.2,80.23,0.856
ROU,Europe,Romania,2020-11-03,250704.0,4041.0,5458.857,7153.0,86.0,97.571,13031.923,210.056,283.759,371.822,4.47,5.072,,,,,,,,,3305309.0,,171.814,,29826.0,1.55,5.4639999999999995,0.183,tests performed,,19237682.0,85.129,43.0,17.85,11.69,23313.199,5.7,370.946,9.74,22.9,37.1,,6.892,76.05,0.811
RUS,Europe,Russia,2020-11-03,1655038.0,18257.0,17687.714,28473.0,238.0,314.857,11340.968,125.104,121.203,195.108,1.631,2.158,,,,,,,,,,,,,,,,,,,145934460.0,8.823,39.6,14.178,9.393,24765.954,0.1,431.297,6.18,23.4,58.3,,8.05,72.58,0.816
RWA,Africa,Rwanda,2020-11-03,5155.0,9.0,11.714,35.0,0.0,0.143,398.002,0.695,0.904,2.702,0.0,0.011,,,,,,,,,560287.0,1310.0,43.258,0.101,1621.0,0.125,138.378,0.006999999999999999,samples tested,,12952209.0,494.869,20.3,2.974,1.642,1854.211,56.0,191.375,4.28,4.7,21.0,4.617,,69.02,0.524
SAU,Asia,Saudi Arabia,2020-11-03,348037.0,381.0,400.714,5437.0,35.0,17.714,9997.08,10.944,11.51,156.173,1.005,0.509,,,,,,,,,,,,,,,,,,,34813867.0,15.322,31.9,3.295,1.845,49045.411,,259.538,17.72,1.8,25.4,,2.7,75.13,0.853
SDN,Africa,Sudan,2020-11-03,13819.0,0.0,10.286,837.0,0.0,0.0,315.148,0.0,0.235,19.088,0.0,0.0,,,,,,,,,,,,,,,,,,,43849269.0,23.258,19.7,3.548,2.034,4466.507,,431.388,15.67,,,23.437,0.8,65.31,0.502
SEN,Africa,Senegal,2020-11-03,15637.0,7.0,10.286,325.0,0.0,0.429,933.891,0.418,0.614,19.41,0.0,0.026,,,,,,,,,,,,,,,,,,,16743930.0,82.328,18.7,3.008,1.796,2470.58,38.0,241.219,2.42,0.4,16.6,20.859,,67.94,0.505
SGP,Asia,Singapore,2020-11-03,58020.0,1.0,6.714,28.0,0.0,0.0,9917.367,0.171,1.148,4.786,0.0,0.0,,,,,,,,,,,,,,,,,,,5850343.0,7915.731,42.4,12.922,7.049,85535.383,,92.243,10.99,5.2,28.3,,2.4,83.62,0.932
SLB,Oceania,Solomon Islands,2020-11-03,8.0,0.0,0.571,,0.0,0.0,11.647,0.0,0.832,,0.0,0.0,,,,,,,,,,,,,,,,,,,686878.0,21.841,20.8,3.507,2.043,2205.923,25.1,459.78,18.68,,,35.89,1.4,73.0,0.546
SLE,Africa,Sierra Leone,2020-11-03,2366.0,0.0,2.857,74.0,0.0,0.0,296.603,0.0,0.358,9.277,0.0,0.0,,,,,,,,,,,,,,,,,,,7976985.0,104.7,19.1,2.538,1.285,1390.3,52.2,325.721,2.42,8.8,41.3,19.275,,54.7,0.419
SLV,North America,El Salvador,2020-11-03,34015.0,0.0,155.714,987.0,4.0,4.857,5244.21,0.0,24.007,152.169,0.617,0.749,,,,,,,,,,,,,,,,,,,6486201.0,307.811,27.6,8.273,5.417,7292.458,2.2,167.295,8.87,2.5,18.8,90.65,1.3,73.32,0.674
SMR,Europe,San Marino,2020-11-03,928.0,0.0,10.857,42.0,0.0,0.0,27343.98,0.0,319.911,1237.551,0.0,0.0,,,,,,,,,,,,,,,,,,,33938.0,556.667,,,,56861.47,,,5.64,,,,3.8,84.97,
SOM,Africa,Somalia,2020-11-03,3941.0,0.0,0.0,104.0,0.0,0.0,247.967,0.0,0.0,6.544,0.0,0.0,,,,,,,,,,,,,,,,,,,15893219.0,23.5,16.8,2.731,1.496,,,365.769,6.05,,,9.831,0.9,57.4,
SRB,Europe,Serbia,2020-11-03,49205.0,802.0,1339.714,833.0,7.0,5.714,7231.142,117.862,196.884,122.417,1.029,0.84,,,,,,,,,,,,,,,,,,,6804596.0,80.291,41.2,17.366,,14048.881,,439.415,10.08,37.7,40.2,97.719,5.609,76.0,0.787
SSD,Africa,South Sudan,2020-11-03,2926.0,0.0,6.143,59.0,0.0,0.429,261.396,0.0,0.549,5.271,0.0,0.038,,,,,,,,,,,,,,,,,,,11193729.0,,19.2,3.441,2.032,1569.888,,280.775,10.43,,,,,57.85,0.388
STP,Africa,Sao Tome and Principe,2020-11-03,949.0,0.0,1.143,16.0,0.0,0.143,4330.15,0.0,5.215,73.006,0.0,0.652,,,,,,,,,,,,,,,,,,,219161.0,212.841,18.7,2.886,2.162,3052.714,32.3,270.113,2.42,,,41.34,2.9,70.39,0.589
SUR,South America,Suriname,2020-11-03,5212.0,2.0,4.571,111.0,0.0,0.143,8884.586,3.409,7.793,189.215,0.0,0.244,,,,,,,,,,,,,,,,,,,586634.0,3.612,29.6,6.933,4.229,13767.119,,258.314,12.54,7.4,42.9,67.779,3.1,71.68,0.72
SVK,Europe,Slovakia,2020-11-03,61829.0,1883.0,2382.0,219.0,0.0,7.714,11324.733,344.894,436.292,40.113,0.0,1.413,,,,,,,,,,,,,,,,,,,5459643.0,113.128,41.2,15.07,9.167,30155.152,0.7,287.959,7.29,23.1,37.7,,5.82,77.54,0.855
SVN,Europe,Slovenia,2020-11-03,36206.0,557.0,1732.286,251.0,15.0,9.0,17415.673,267.926,833.258,120.735,7.215,4.329,,,,,,,,,,,,,,,,,,,2078932.0,102.619,44.5,19.062,12.93,31400.84,,153.493,7.25,20.1,25.0,,4.5,81.32,0.896
SWE,Europe,Sweden,2020-10-30,124355.0,2616.0,1908.857,5938.0,0.0,2.143,12313.266,259.029,189.009,587.963,0.0,0.212,,,,,,,,,,,,,,,,,,,10099270.0,24.718,41.0,19.985,13.433,46949.283,0.5,133.982,4.79,18.8,18.9,,2.22,82.8,0.933
SWZ,Africa,Swaziland,2020-11-03,5929.0,4.0,9.429,117.0,0.0,0.143,5110.484,3.448,8.127,100.848,0.0,0.123,,,,,,,,,,,,,,,,,,,1160164.0,79.492,21.5,3.163,1.845,7738.975,,333.436,3.94,1.7,16.5,24.097,2.1,60.19,0.588
SXM,North America,Sint Maarten (Dutch part),2020-11-03,844.0,13.0,7.857,22.0,0.0,0.0,19681.918,303.158,183.227,513.036,0.0,0.0,,,,,,,,,,,,,,,,,,,42882.0,1209.088,,,,36327.232,,,,,,,,78.95,
SYC,Africa,Seychelles,2020-11-03,155.0,2.0,0.286,,0.0,0.0,1576.164,20.338,2.905,,0.0,0.0,,,,,,,,,,,,,,,,,,,98340.0,208.354,36.2,8.606,5.586,26382.287,1.1,242.648,10.55,7.1,35.7,,3.6,73.4,0.797
SYR,Asia,Syria,2020-11-03,5843.0,54.0,54.571,295.0,3.0,3.286,333.873,3.086,3.118,16.857,0.171,0.188,,,,,,,,,,,,,,,,,,,17500657.0,,21.7,,2.577,,,376.264,,,,70.598,1.5,72.7,0.536
TCA,North America,Turks and Caicos Islands,2020-11-03,704.0,0.0,0.429,6.0,0.0,0.0,18182.757,0.0,11.069,154.967,0.0,0.0,,,,,,,,,,,,,,,,,,,38718.0,37.312,,,,,,,,,,,,80.22,
TCD,Africa,Chad,2020-11-03,1499.0,1.0,8.286,98.0,0.0,0.286,91.259,0.061,0.504,5.966,0.0,0.017,,,,,,,,,,,,,,,,,,,16425859.0,11.833,16.7,2.486,1.446,1768.153,38.4,280.995,6.1,,,5.818,,54.24,0.404
TGO,Africa,Togo,2020-11-03,2364.0,7.0,22.857,57.0,0.0,0.571,285.551,0.846,2.761,6.885,0.0,0.069,,,,,,,,,,,,,,,,,,,8278737.0,143.366,19.4,2.839,1.525,1429.813,49.2,280.033,6.15,0.9,14.2,10.475,0.7,61.04,0.503
THA,Asia,Thailand,2020-11-03,3797.0,10.0,7.286,59.0,0.0,0.0,54.398,0.143,0.104,0.845,0.0,0.0,,,,,,,,,,,,,,,,,,,69799978.0,135.132,40.1,11.373,6.89,16277.671,0.1,109.861,7.04,1.9,38.8,90.67,2.1,77.15,0.755
TJK,Asia,Tajikistan,2020-11-03,11096.0,42.0,39.571,82.0,0.0,0.143,1163.39,4.404,4.149,8.598,0.0,0.015,,,,,,,,,,,,,,,,,,,9537642.0,64.281,23.3,3.466,2.155,2896.913,4.8,427.698,7.11,,,72.704,4.8,71.1,0.65
TLS,Asia,Timor,2020-11-03,30.0,0.0,0.0,,0.0,0.0,22.754,0.0,0.0,,0.0,0.0,,,,,,,,,,,,,,,,,,,1318442.0,87.176,18.0,3.556,1.897,6570.102,30.3,335.346,6.86,6.3,78.1,28.178,5.9,69.5,0.625
TTO,North America,Trinidad and Tobago,2020-11-03,5704.0,36.0,24.143,109.0,2.0,0.429,4075.768,25.724,17.251,77.885,1.429,0.306,,,,,,,,,,,,,,,,,,,1399491.0,266.886,36.2,10.014,5.819,28763.071,,228.467,10.97,,,89.443,3.0,73.51,0.784
TUN,Africa,Tunisia,2020-11-03,61906.0,0.0,1358.143,1381.0,0.0,56.857,5238.007,0.0,114.916,116.85,0.0,4.811,,,,,,,,,,,,,,,,,,,11818618.0,74.228,32.7,8.001,5.075,10849.297,2.0,318.991,8.52,1.1,65.8,78.687,2.3,76.7,0.735
TUR,Asia,Turkey,2020-11-03,379775.0,2302.0,2253.714,10402.0,76.0,75.429,4502.955,27.295,26.722,123.335,0.901,0.894,,,,,,,,,,,,,,,,,,,84339067.0,104.914,31.6,8.153,5.061,25129.341,0.2,171.285,12.13,14.1,41.1,,2.81,77.69,0.791
TWN,Asia,Taiwan,2020-11-03,567.0,4.0,2.429,7.0,0.0,0.0,23.807,0.168,0.102,0.294,0.0,0.0,,,,,,,,,,,,,,,,,,,23816775.0,,42.2,,8.353,,,103.957,,,,,,80.46,
TZA,Africa,Tanzania,2020-11-03,509.0,0.0,0.0,21.0,0.0,0.0,8.521,0.0,0.0,0.352,0.0,0.0,,,,,,,,,,,,,,,,,,,59734213.0,64.699,17.7,3.108,1.874,2683.304,49.1,217.288,5.75,3.3,26.7,47.953,0.7,65.46,0.538
UGA,Africa,Uganda,2020-11-03,12971.0,228.0,202.0,114.0,2.0,1.857,283.575,4.985,4.416,2.492,0.044,0.041,,,,,,,,,,,,,,,,,,,45741000.0,213.759,16.4,2.168,1.308,1697.707,41.6,213.333,2.5,3.4,16.7,21.222,0.5,63.37,0.516
UKR,Europe,Ukraine,2020-11-03,402194.0,6754.0,7610.0,7375.0,69.0,130.143,9196.42,154.434,174.007,168.634,1.578,2.976,,,,,,,,,3379029.0,34818.0,77.264,0.796,41677.0,0.953,5.477,0.183,tests performed,,43733759.0,77.39,41.4,16.462,11.133,7894.393,0.1,539.849,7.11,13.5,47.4,,8.8,72.06,0.751
URY,South America,Uruguay,2020-11-03,3165.0,16.0,41.857,60.0,1.0,0.857,911.125,4.606,12.05,17.273,0.288,0.247,,,,,,,,,,,,,,,,,,,3473727.0,19.751,35.6,14.655,10.361,20551.409,0.1,160.708,6.93,14.0,19.9,,2.8,77.91,0.804
USA,North America,United States,2020-11-03,9291245.0,83883.0,83817.286,231551.0,555.0,830.857,28070.002,253.421,253.222,699.544,1.677,2.51,,,,,,,,,,,,,,,,,,,331002647.0,35.608,38.3,15.413,9.732,54225.446,1.2,151.089,10.79,19.1,24.6,,2.77,78.86,0.924
UZB,Asia,Uzbekistan,2020-11-03,67254.0,98.0,212.714,571.0,1.0,2.429,2009.43,2.928,6.356,17.06,0.03,0.073,,,,,,,,,,,,,,,,,,,33469199.0,76.134,28.2,4.469,2.873,6253.104,,724.417,7.57,1.3,24.7,,4.0,71.72,0.71
VAT,Europe,Vatican,2020-11-03,26.0,0.0,0.0,,0.0,0.0,32138.443,0.0,0.0,,0.0,0.0,,,,,,,,,,,,,,,,,,,809.0,,,,,,,,,,,,,75.12,
VCT,North America,Saint Vincent and the Grenadines,2020-11-03,75.0,0.0,0.286,,0.0,0.0,675.998,0.0,2.575,,0.0,0.0,,,,,,,,,,,,,,,,,,,110947.0,281.787,31.8,7.724,4.832,10727.146,,252.675,11.62,,,,2.6,72.53,0.723
VEN,South America,Venezuela,2020-11-03,92705.0,380.0,379.714,805.0,4.0,4.0,3260.135,13.363,13.353,28.309,0.141,0.141,,,,,,,,,,,,,,,,,,,28435943.0,36.253,29.0,6.614,3.915,16745.022,,204.85,6.47,,,,0.8,72.06,0.761
VGB,North America,British Virgin Islands,2020-11-03,72.0,0.0,0.0,1.0,0.0,0.0,2381.189,0.0,0.0,33.072,0.0,0.0,,,,,,,,,,,,,,,,,,,30237.0,207.973,,,,,,,13.67,,,,,79.07,
VIR,North America,United States Virgin Islands,2020-11-03,1378.0,2.0,4.286,21.0,0.0,0.0,13196.326,19.153,41.042,201.105,0.0,0.0,,,,,,,,,,,,,,,,,,,104423.0,306.48,42.2,18.601,10.799,,,273.67,12.26,,,,,80.58,
VNM,Asia,Vietnam,2020-11-03,1192.0,12.0,3.286,35.0,0.0,0.0,12.246,0.123,0.034,0.36,0.0,0.0,,,,,,,,,,,,,,,,,,,97338583.0,308.127,32.6,7.15,4.718,6171.884,2.0,245.465,6.0,1.0,45.9,85.847,2.6,75.4,0.694
WLF,Oceania,Wallis and Futuna,2020-11-03,1.0,0.0,0.0,,0.0,0.0,88.921,0.0,0.0,,0.0,0.0,,,,,,,,,,,,,,,,,,,11246.0,,,,,,,,,,,,,79.94,
OWID_KOS,Europe,Kosovo,2020-11-03,20655.0,476.0,358.143,697.0,9.0,4.429,10686.712,246.278,185.3,360.622,4.657,2.291,,,,,,,,,,,,,,,,,,,1932774.0,168.155,,,,9795.834,0.6,,,,,,,,
YEM,Asia,Yemen,2020-11-03,2063.0,0.0,0.0,600.0,0.0,0.143,69.168,0.0,0.0,20.117,0.0,0.005,,,,,,,,,,,,,,,,,,,29825968.0,53.508,20.3,2.922,1.583,1479.147,18.8,495.003,5.35,7.6,29.2,49.542,0.7,66.12,0.452
ZAF,Africa,South Africa,2020-11-03,727595.0,772.0,1548.0,19465.0,54.0,65.286,12267.932,13.017,26.101,328.198,0.91,1.101,,,,,,,,,,,,,,,,,,,59308690.0,46.754,27.3,5.344,3.053,12294.876,18.9,200.38,5.52,8.1,33.2,43.993,2.32,64.13,0.699
ZMB,Africa,Zambia,2020-11-03,16543.0,63.0,49.0,349.0,0.0,0.143,899.861,3.427,2.665,18.984,0.0,0.008,,,,,,,,,275011.0,4715.0,14.959,0.256,4819.0,0.262,98.34700000000001,0.01,tests performed,,18383956.0,22.995,17.7,2.48,1.542,3689.251,57.5,234.499,3.94,3.1,24.7,13.938,2.0,63.89,0.588
ZWE,Africa,Zimbabwe,2020-11-03,8389.0,15.0,12.286,245.0,2.0,0.429,564.424,1.009,0.827,16.484,0.135,0.029,,,,,,,,,,,,,,,,,,,14862927.0,42.729,19.6,2.822,1.882,1899.775,21.4,307.846,1.82,1.6,30.7,36.791,1.7,61.49,0.535
OWID_WRL,,World,2020-11-03,47093222.0,434586.0,492851.0,1207290.0,5654.0,6598.0,6041.621,55.753,63.228,154.884,0.725,0.846,,,,,,,,,,,,,,,,,,,7794798729.0,58.045,30.9,8.696,5.355,15469.207,10.0,233.07,8.51,6.434,34.635,60.13,2.705,72.58,
